{"2": {"2": [[0.5, 0.16666666666666666], [0.5, 0.16666666666666666]], "3": [[0, 0.08333333333333333], [1, 0], [0, 0.08333333333333333]]}, "3": {"5": [[0.2, 0.0873439595088893, 0.03734395950888931], [0.3481549255879739, 0.05343827254768415, 0.0058426915783703105], [0.0963098511759477, 0, 0.0030399688411859166], [0.3481549255879739, 0.05343827254768415, 0.0058426915783703105], [0.2, 0.0873439595088893, 0.03734395950888931]], "6": [[0.208, 0.09023186422416794, 0.038231864224167945], [0.312, 0.044673856616514795, 0.00439421553992544], [0.20176813577583208, 0.014079606594985245, 0.0009594130974267187], [0.20176813577583208, 0.014079606594985245, 0.0009594130974267187], [0.312, 0.044673856616514795, 0.00439421553992544], [0.208, 0.09023186422416794, 0.038231864224167945]]}, "4": {"11": [[0.17964614593943165, 0.013596585909318362, 0.01563255315465253, 0.0020639947529863365], [0.38907754328155775, 0.014760272326953573, 0.03306691099116663, 0.0022813820085674694], [0.47136754120483915, 0.03880187453136526, 0.039407844071122494, 0.00602451512384055], [0.45010639262694824, 0.037047165415186, 0.037634230401304175, 0.005751541782685618], [0.30198793220061926, 0.0021881981489712612, 0.025703224956338387, 0.0003282362688262505], [0.4638397256851166, 0.0, 0.03976865814698092, 0.0], [0.30198793220061926, 0.0021881981489712612, 0.025703224956338387, 0.0003282362688262505], [0.45010639262694824, 0.037047165415186, 0.037634230401304175, 0.005751541782685618], [0.47136754120483915, 0.03880187453136526, 0.039407844071122494, 0.00602451512384055], [0.38907754328155775, 0.014760272326953573, 0.03306691099116663, 0.0022813820085674694], [0.17964614593943165, 0.013596585909318362, 0.01563255315465253, 0.0020639947529863365]]}}