{"4": {"11": [[0.1697155310439332, 0.15286614694461592, 0.11916737874598136, 0.06861922644802956], [0.37942080751600543, 0.148839980923181, 0.11588082918662808, 0.18855524666841264], [0.46945930664405056, 0.3798442378393635, 0.0228988147294629, 0.5718550435801308], [0.44822592739107087, 0.36288985741098995, 0.022565582830528473, 0.5445075171416134], [0.2939244731063176, 0.026255628265819383, 0.09676150913162039, 1.8330145571671744e-05], [0.4471095105867986, 0, 0.2007625811798162, 0], [0.2939244731063176, 0.026255628265819383, 0.09676150913162039, 1.8330145571671744e-05], [0.44822592739107087, 0.36288985741098995, 0.022565582830528473, 0.5445075171416134], [0.46945930664405056, 0.3798442378393635, 0.0228988147294629, 0.5718550435801308], [0.37942080751600543, 0.148839980923181, 0.11588082918662808, 0.18855524666841264], [0.1697155310439332, 0.15286614694461592, 0.11916737874598136, 0.06861922644802956]]}, "2": {"2": [[0.5, 2.0], [0.5, 2.0]], "3": [[0.0, 1.0], [1.0, 0.0], [0.0, 1.0]]}, "3": {"5": [[-0.11015939263333957, 1.0481275141066717, 3.7219127116000754], [0.6957082088973866, 0.6412592705722098, -4.170639399712953], [0.17109763252809357, 0.0, -0.8974533762257506], [0.6957082088973866, 0.6412592705722098, -4.170639399712953], [-0.11015939263333957, 1.0481275141066717, 3.7219127116000754]], "6": [[-0.10547796336251924, 1.0827823706900153, 3.7617355603502305], [0.6360867669011183, 0.5360862793981775, -3.8890412028134205], [0.4395871090342214, 0.16895527913982294, -2.853827679100672], [0.4395871090342214, 0.16895527913982294, -2.853827679100672], [0.6360867669011183, 0.5360862793981775, -3.8890412028134205], [-0.10547796336251924, 1.0827823706900153, 3.7617355603502305]]}}