{"2": {"12": {"0.09921256574801246": 0.004397370204600039, "0.07874506561842957": 0.0013093942981296292, "0.0625": 0.00039518135276963825, "0.049606282874006244": 0.00012045639202731713, "0.03937253280921478": 3.699037889689346e-05, "0.03125": 1.1423389653139104e-05, "0.024803141437003108": 3.54303832860995e-06, "0.0196862664046074": 1.1025653626838783e-06, "0.015625": 3.439987141336774e-07, "0.012401570718501554": 1.0754401599215268e-07, "0.0098431332023037": 3.3674588143001055e-08, "0.0078125": 1.0557417363725715e-08, "0.0062007853592507805": 3.313122115869666e-09, "0.0049215666011518475": 1.0405232075085714e-09, "0.00390625": 3.26986822655394e-10, "0.0031003926796253924": 1.0280577533404333e-10, "0.0024607833005759225": 3.233478176891199e-11, "0.001953125": 1.0173094949540102e-11, "0.0015501963398126962": 3.2013990756236343e-12, "0.0012303916502879612": 1.0076473768440277e-12, "0.0009765625": 3.172067314536741e-13, "0.0007750981699063481": 9.986832783312249e-14, "0.0006151958251439806": 3.144517796892023e-14, "0.00048828125": 9.901768616139977e-15, "0.00038754908495317356": 3.118151574841025e-15, "0.00030759791257199063": 9.819787443628791e-16, "0.000244140625": 3.0925957197522044e-16, "0.00019377454247658678": 9.739957618698419e-17, "0.00015379895628599532": 3.067617336651651e-17, "0.0001220703125": 9.661696568584747e-18, "9.688727123829339e-05": 3.0430705996907725e-18, "7.689947814299766e-05": 9.584639000473632e-19, "6.103515625e-05": 3.0188639259689913e-19, "4.8443635619146695e-05": 9.508555078935042e-20, "3.844973907149883e-05": 2.9949395680779206e-20, "3.0517578125e-05": 9.433299502873929e-21, "2.4221817809573348e-05": 2.9712609022994187e-21, "1.9224869535749415e-05": 9.358779763624488e-22, "1.52587890625e-05": 2.947804500582885e-22, "1.2110908904786659e-05": 9.284936339660439e-23, "9.61243476787472e-06": 2.924555182145962e-23, "7.62939453125e-06": 9.211730331377863e-24, "6.055454452393329e-06": 2.9015029233095463e-24, "4.80621738393736e-06": 9.139135737916763e-25, "3.814697265625e-06": 2.8786409269386023e-25, "3.0277272261966647e-06": 9.067134631718011e-26, "2.40310869196868e-06": 2.8559644172758755e-26, "1.9073486328125e-06": 8.995714145423353e-27, "1.5138636130983361e-06": 2.833469884596969e-27, "1.2015543459843371e-06": 8.924864584449644e-28, "9.5367431640625e-07": 2.8111546155604565e-28, "7.569318065491681e-07": 8.854578252154676e-29, "6.007771729921686e-07": 2.789016398337801e-29, "4.76837158203125e-07": 8.784848712869645e-30, "3.7846590327458403e-07": 2.7670533386091406e-30, "3.003885864960843e-07": 8.71567033183264e-31, "2.384185791015625e-07": 2.7452637445285164e-31, "1.8923295163729202e-07": 8.647037987545446e-32, "1.5019429324804214e-07": 2.7236460547956704e-32, "1.1920928955078125e-07": 8.57894689189654e-33, "9.461647581864601e-08": 2.7021987936691836e-33, "7.509714662402107e-08": 8.51139247763955e-34, "5.960464477539063e-08": 2.6809205428184387e-34, "4.7308237909323004e-08": 8.444370327968124e-35, "3.7548573312010536e-08": 2.65980992370034e-35, "2.9802322387695312e-08": 8.377876132402573e-36, "2.3654118954661502e-08": 2.6388655865137767e-36, "1.8774286656005268e-08": 8.311905659122908e-37, "1.4901161193847656e-08": 2.6180862032656407e-37, "1.1827059477330751e-08": 8.246454737580142e-38, "9.387143328002634e-09": 2.5974704634070565e-38, "7.450580596923828e-09": 8.181519247532996e-39, "5.9135297386653755e-09": 2.577017071075762e-39, "4.693571664001317e-09": 8.117095112101969e-40, "3.725290298461914e-09": 2.556724743342791e-40, "2.9567648693326878e-09": 8.05317829333358e-41, "2.3467858320006585e-09": 2.536592209087321e-41, "1.862645149230957e-09": 7.989764789334861e-42, "1.4783824346663439e-09": 2.516618208263904e-42, "1.1733929160003292e-09": 7.926850632390781e-43, "9.313225746154785e-10": 2.4968014914153693e-43, "7.391912173331719e-10": 7.864431887695262e-44, "5.866964580001646e-10": 2.4771408193397593e-44, "4.656612873077393e-10": 7.802504652467131e-45, "3.6959560866658597e-10": 2.4576349628532946e-45, "2.933482290000823e-10": 7.74106505530806e-46, "2.3283064365386963e-10": 2.4382827026138066e-46, "1.8479780433329343e-10": 7.680109255711208e-47, "1.4667411450004077e-10": 2.41908282898238e-47, "1.1641532182693481e-10": 7.619633443664753e-48, "9.239890216664671e-11": 2.400034141908904e-48, "7.333705725002038e-11": 7.559633839317816e-49, "5.820766091346741e-11": 2.3811354508322048e-49, "4.6199451083323356e-11": 7.500106692682749e-50, "3.666852862501019e-11": 2.3623855745911738e-50, "2.9103830456733704e-11": 7.44104828336153e-51, "2.3099725541661565e-11": 2.3437833413410245e-51, "1.8334264312505186e-11": 7.382454920291906e-52, "1.4551915228366852e-11": 2.325327588474055e-52}}, "3": {"20": {"0.09921256574801246": 0.006654866601349673, "0.07874506561842957": 0.0012247428365736335, "0.0625": 0.00022967549509592429, "0.049606282874006244": 4.3657852258232024e-05, "0.03937253280921478": 8.381839110383362e-06, "0.03125": 1.6212802526909197e-06, "0.024803141437003108": 3.153816253830163e-07, "0.0196862664046074": 6.161672335443754e-08, "0.015625": 1.2078570069792476e-08, "0.012401570718501554": 2.3738969591455513e-09, "0.0098431332023037": 4.675083439698853e-10, "0.0078125": 9.221609909124054e-11, "0.0062007853592507805": 1.8212351886615596e-11, "0.0049215666011518475": 3.6004075956335953e-12, "0.00390625": 7.1231722602744e-13, "0.0031003926796253924": 1.4101347342555935e-13, "0.0024607833005759225": 2.7929137631719745e-14, "0.001953125": 5.533760625751622e-15, "0.0015501963398126962": 1.0967674675944721e-15, "0.0012303916502879612": 2.1742665454163158e-16, "0.0009765625": 4.311152967724316e-17, "0.0007750981699063481": 8.549474772208213e-18, "0.0006151958251439806": 1.6956540150922762e-18, "0.00048828125": 3.363381523700728e-19, "0.00038754908495317356": 6.671870573574545e-20, "0.00030759791257199063": 1.3235639899507664e-20, "0.000244140625": 2.6258068830211167e-21, "0.00019377454247658678": 5.209510229206697e-22, "0.00015379895628599532": 1.0335795798986674e-22, "0.0001220703125": 2.050695566853938e-23, "9.688727123829339e-05": 4.068802372600542e-24, "7.689947814299766e-05": 8.073065064559636e-25, "6.103515625e-05": 1.601826339131618e-25, "4.8443635619146695e-05": 3.1783115995910594e-26, "3.844973907149883e-05": 6.306388781394373e-27, "3.0517578125e-05": 1.2513176465317748e-27, "2.4221817809573348e-05": 2.4828839968136384e-28, "1.9224869535749415e-05": 4.926595457353825e-29, "1.52587890625e-05": 9.775492678476498e-30, "1.2110908904786659e-05": 1.9396859649167585e-30, "9.61243476787472e-06": 3.8487969366231974e-31, "7.62939453125e-06": 7.636937089198331e-32, "6.055454452393329e-06": 1.515353427947501e-32, "4.80621738393736e-06": 3.006831294118883e-33, "3.814697265625e-06": 5.9662920381643766e-34, "3.0277272261966647e-06": 1.1838596188209963e-34, "2.40310869196868e-06": 2.349070810999163e-35, "1.9073486328125e-06": 4.6611402399334116e-36, "1.5138636130983361e-06": 9.248863246934942e-37, "1.2015543459843371e-06": 1.835205267534145e-37, "9.5367431640625e-07": 3.6415058849647595e-38, "7.569318065491681e-07": 7.225658776861575e-39, "6.007771729921686e-07": 1.433751652933347e-39, "4.76837158203125e-07": 2.844922594705586e-40, "3.7846590327458403e-07": 5.645039812076876e-41, "3.003885864960843e-07": 1.1201175170074182e-41, "2.384185791015625e-07": 2.222594262300016e-42, "1.8923295163729202e-07": 4.410184967502938e-43, "1.5019429324804214e-07": 8.750914344406551e-44, "1.1920928955078125e-07": 1.7364011756977765e-44, "9.461647581864601e-08": 3.4454560739545914e-45, "7.509714662402107e-08": 6.836650363905937e-46, "5.960464477539063e-08": 1.3565631873716573e-46, "4.7308237909323004e-08": 2.6917621937508225e-47, "3.7548573312010536e-08": 5.3411325234961686e-48, "2.9802322387695312e-08": 1.0598148998441733e-48, "2.3654118954661502e-08": 2.102939071670094e-49, "1.8774286656005268e-08": 4.172759560033982e-50, "1.4901161193847656e-08": 8.27980355233755e-51, "1.1827059477330751e-08": 1.6429210941962708e-51, "9.387143328002634e-09": 3.259968318797095e-52,