{"2": {"12": {"0.10511205190671433": 0.005999587079322903, "0.08838834764831843": 0.002407766558071097, "0.07432544468767006": 0.0009748550914749883, "0.0625": 0.0003974513493941166, "0.05255602595335716": 0.00016294117728926416, "0.044194173824159216": 6.709801580361172e-05, "0.03716272234383503": 2.773028433338572e-05, "0.03125": 1.1494107504385692e-05, "0.02627801297667858": 4.775754627685954e-06, "0.022097086912079608": 1.988245406386475e-06, "0.018581361171917516": 8.291039990715986e-07, "0.015625": 3.4620798485651693e-07, "0.01313900648833929": 1.447285861420634e-07, "0.011048543456039804": 6.055898787310115e-08, "0.009290680585958758": 2.535958398201622e-08, "0.0078125": 1.0626468153274745e-08, "0.006569503244169645": 4.455253621577477e-09, "0.005524271728019902": 1.868761615548418e-09, "0.004645340292979379": 7.841536033412821e-10, "0.00390625": 3.2914499999958926e-10, "0.0032847516220848227": 1.3819419790604564e-10, "0.002762135864009951": 5.803500259690926e-11, "0.0023226701464896895": 2.4376544580795606e-11, "0.001953125": 1.0240544611106153e-11, "0.0016423758110424114": 4.30260728282778e-12, "0.0013810679320049755": 1.8079601137603142e-12, "0.0011613350732448448": 7.597780320951219e-13, "0.0009765625": 3.1931464700196706e-13, "0.0008211879055212057": 1.3420840102628035e-13, "0.0006905339660024878": 5.6411120762590363e-14, "0.0005806675366224224": 2.37121024684009e-14, "0.00048828125": 9.96764283203779e-15, "0.00041059395276060284": 4.190146628085554e-15, "0.0003452669830012439": 1.761481294184074e-15, "0.0002903337683112112": 7.405203376097603e-16, "0.000244140625": 3.113181708287493e-16, "0.00020529697638030142": 1.3088175707213819e-16, "0.00017263349150062194": 5.502496679825957e-17, "0.0001451668841556056": 2.3133722836100944e-17, "0.0001220703125": 9.726028250222977e-18, "0.00010264848819015071": 4.0891129521228375e-18, "8.631674575031097e-05": 1.719197215596035e-18, "7.25834420778028e-05": 7.228111168752963e-19, "6.103515625e-05": 3.0389676499021353e-19, "5.1324244095075355e-05": 1.2777006654952849e-19, "4.3158372875155485e-05": 5.371971135772204e-20, "3.62917210389014e-05": 2.2586008429898824e-20, "3.0517578125e-05": 9.496123755182282e-21, "2.5662122047537677e-05": 3.9925847238565946e-21, "2.1579186437577742e-05": 1.6786597157632866e-21, "1.81458605194507e-05": 7.057840328486028e-22, "1.52587890625e-05": 2.9674370974238713e-22, "1.2831061023768839e-05": 1.247646814202751e-22, "1.0789593218788871e-05": 5.2456846453280534e-23, "9.07293025972535e-06": 2.205530213735782e-23, "7.62939453125e-06": 9.273082224640825e-24, "6.415530511884419e-06": 3.898840184199199e-24, "5.394796609394436e-06": 1.6392566138495466e-24, "4.536465129862675e-06": 6.892211781042996e-25, "3.814697265625e-06": 2.8978133979807013e-25, "3.2077652559422097e-06": 1.2183787904668846e-25, "2.697398304697218e-06": 5.1226459220527377e-26, "2.2682325649313374e-06": 2.1538052227951323e-26, "1.9073486328125e-06": 9.055628124302021e-27, "1.6038826279711048e-06": 3.80742002199945e-27, "1.348699152348609e-06": 1.6008220075930633e-27, "1.1341162824656687e-06": 6.730624198472958e-28, "9.5367431640625e-07": 2.8298777350338964e-28, "8.019413139855524e-07": 1.1898166165296106e-28, "6.743495761743044e-07": 5.0025612064652495e-29, "5.670581412328344e-07": 2.1033173865912866e-29, "4.76837158203125e-07": 8.843358462902113e-30, "4.009706569927762e-07": 3.71817358236565e-30, "3.371747880871522e-07": 1.5632991946355414e-30, "2.835290706164172e-07": 6.572862652736049e-31, "2.384185791015625e-07": 2.763548041675851e-31, "2.004853284963881e-07": 1.1619287219440514e-31, "1.685873940435761e-07": 4.885308135759745e-32, "1.417645353082086e-07": 2.0540189257984983e-32, "1.1920928955078125e-07": 8.636085320891635e-33, "1.0024266424819405e-07": 3.631026439598264e-33, "8.429369702178806e-08": 1.5266585037567454e-33, "7.08822676541043e-08": 6.418808122524187e-34, "5.960464477539063e-08": 2.6987763019434174e-34, "5.0121332124097026e-08": 1.1346956347999426e-34, "4.214684851089403e-08": 4.770807373195806e-35, "3.544113382705215e-08": 2.0058773788206648e-35, "2.9802322387695312e-08": 8.43367537976815e-36, "2.5060666062048513e-08": 3.545923659414641e-36, "2.1073424255447014e-08": 1.4908772336480609e-36, "1.7720566913526073e-08": 6.268366559645604e-37, "1.4901161193847656e-08": 2.6355234680830113e-37, "1.2530333031024257e-08": 1.1081011124209535e-37, "1.0536712127723507e-08": 4.6589912450320205e-38, "8.860283456763037e-09": 1.958864510956599e-38, "7.450580596923828e-09": 8.236010700111698e-39, "6.265166515512128e-09": 3.4628159276496643e-39, "5.2683560638617535e-09": 1.4559347468665423e-39, "4.430141728381518e-09": 6.1214515359071026e-40, "3.725290298461914e-09": 2.5737533222774506e-40, "3.132583257756064e-09": 1.0821299697864864e-40, "2.6341780319308768e-09": 4.549796057073626e-41, "2.215070864190759e-09": 1.9129535954659274e-41, "1.862645149230957e-09": 8.042979098511635e-42, "1.566291628878032e-09": 3.3816561437014674e-42, "1.3170890159654384e-09": 1.4218112636348334e-42, "1.1075354320953796e-09": 5.977979970979395e-43, "9.313225746154785e-10": 2.5134309630340426e-43, "7.83145814439016e-10": 1.056767543050255e-43, "6.585445079827192e-10": 4.4431601922953e-44, "5.537677160476898e-10": 1.868118738610494e-44, "4.656612873077393e-10": 7.85447175127694e-45, "3.91572907219508e-10": 3.3023985691313385e-45, "3.292722539913596e-10": 1.3884875590667259e-45, "2.768838580238449e-10": 5.837871054531908e-46, "2.3283064365386963e-10": 2.4545224209920994e-46, "1.95786453609754e-10": 1.0319995524003077e-46, "1.646361269956798e-10": 4.339023620481088e-47, "1.3844192901192245e-10": 1.8243347039746768e-47, "1.1641532182693481e-10": 7.670382563597273e-48, "9.7893226804877e-11": 3.2249986005427805e-48, "8.23180634978399e-11": 1.3559448811499603e-48, "6.922096450596122e-11": 5.701045949035639e-49, "5.820766091346741e-11": 2.396994550811173e-49}}, "3": {"20": {"0.10511205190671433": 0.010199721096060635, "0.08838834764831843": 0.0028471836254046813, "0.07432544468767006": 0.0008047849633398372, "0.0625": 0.00022969051392125771, "0.05255602595335716": 6.605378952657851e-05, "0.044194173824159216": 1.9110249774978012e-05, "0.03716272234383503": 5.55559307201722e-06, "0.03125": 1.6213971024548124e-06, "0.02627801297667858": 4.7470888538667533e-07, "0.022097086912079608": 1.393458157300143e-07, "0.018581361171917516": 4.0990972887238277e-08, "0.015625": 1.2079482176415835e-08, "0.01313900648833929": 3.564856971221785e-09, "0.011048543456039804": 1.0533235871745943e-09, "0.009290680585958758": 3.115436407289279e-10, "0.0078125": 9.2223224018514e-11, "0.006569503244169645": 2.731906872155541e-11, "0.005524271728019902": 8.097398037745056e-12, "0.004645340292979379": 2.401250804771152e-12, "0.00390625": 7.123728901723296e-13, "0.0032847516220848227": 2.1141032994359565e-13, "0.002762135864009951": 6.275811360666591e-14, "0.0023226701464896895": 1.8634522364930398e-14, "0.001953125": 5.534195512600588e-15, "0.0016423758110424114": 1.643858607138809e-15, "0.0013810679320049755": 4.883557677712087e-16, "0.0011613350732448448": 1.4509757808197175e-16, "0.0009765625": 4.311492728858272e-17, "0.0008211879055212057": 1.281243995252404e-17, "0.0006905339660024878": 3.807736132899738e-18, "0.0005806675366224224": 1.1316906928213735e-18, "0.00048828125": 3.3636469646575625e-19, "0.00041059395276060284": 9.997959291291433e-20, "0.0003452669830012439": 2.971855554668202e-20, "0.0002903337683112112": 8.833991061369315e-21, "0.000244140625": 2.626014259833825e-21, "0.00020529697638030142": 7.806319813916504e-22, "0.00017263349150062194": 2.3206159854373585e-22, "0.0001451668841556056": 6.898690739061534e-23, "0.0001220703125": 2.0508575804168494e-23, "0.00010264848819015071": 6.096897486820459e-24, "8.631674575031097e-05": 1.8125338310385106e-24, "7.25834420778028e-05": 5.388483745732457e-25, "6.103515625e-05": 1.601952912397147e-25, "5.1324244095075355e-05": 4.762502285974772e-26, "4.3158372875155485e-05": 1.4158673481928357e-26,