{"2": {"12": {"0.10511205190671433": 0.0060040437464151, "0.08838834764831843": 0.002409333895160669, "0.07432544468767006": 0.0009754071595631278, "0.0625": 0.00039764602268212547, "0.05255602595335716": 0.0001630098771040727, "0.044194173824159216": 6.712227281937358e-05, "0.03716272234383503": 2.77388525865969e-05, "0.03125": 1.1497134865118332e-05, "0.02627801297667858": 4.776824467776645e-06, "0.022097086912079608": 1.9886235285876144e-06, "0.018581361171917516": 8.292376546102712e-07, "0.015625": 3.462552311438037e-07, "0.01313900648833929": 1.447452883521356e-07, "0.011048543456039804": 6.056489252524712e-08, "0.009290680585958758": 2.5361671473645736e-08, "0.0078125": 1.0627206163385806e-08, "0.006569503244169645": 4.455514540126855e-09, "0.005524271728019902": 1.868853862325183e-09, "0.004645340292979379": 7.841862170358541e-10, "0.00390625": 3.2915653056517186e-10, "0.0032847516220848227": 1.3819827454738633e-10, "0.002762135864009951": 5.803644389996532e-11, "0.0023226701464896895": 2.4377054152122305e-11, "0.001953125": 1.0240724771776465e-11, "0.0016423758110424114": 4.302670979243623e-12, "0.0013810679320049755": 1.8079826338441047e-12, "0.0011613350732448448": 7.597859941471026e-13, "0.0009765625": 3.1931746201244094e-13, "0.0008211879055212057": 1.3420939628277793e-13, "0.0006905339660024878": 5.64114726388996e-14, "0.0005806675366224224": 2.37122268754631e-14, "0.00048828125": 9.967686816576445e-15, "0.00041059395276060284": 4.19016217896833e-15, "0.0003452669830012439": 1.7614867922514058e-15, "0.0002903337683112112": 7.405222814701073e-16, "0.000244140625": 3.1131885808716574e-16, "0.00020529697638030142": 1.3088200005468155e-16, "0.00017263349150062194": 5.502505270556163e-17, "0.0001451668841556056": 2.3133753208918864e-17, "0.0001220703125": 9.726038988635734e-18, "0.00010264848819015071": 4.0891167487250775e-18, "8.631674575031097e-05": 1.7191985578976296e-18, "7.25834420778028e-05": 7.228115914505763e-19, "6.103515625e-05": 3.038969327779129e-19, "5.1324244095075355e-05": 1.277701258714385e-19, "4.3158372875155485e-05": 5.371973233118446e-20, "3.62917210389014e-05": 2.2586015845137575e-20, "3.0517578125e-05": 9.496126376865085e-21, "2.5662122047537677e-05": 3.9925856507614385e-21, "2.1579186437577742e-05": 1.6786600434736368e-21, "1.81458605194507e-05": 7.057841487117083e-22, "1.52587890625e-05": 2.967437507061809e-22, "1.2831061023768839e-05": 1.2476469590316327e-22, "1.0789593218788871e-05": 5.2456851573754756e-23, "9.07293025972535e-06": 2.2055303947718843e-23, "7.62939453125e-06": 9.273082864693898e-24, "6.415530511884419e-06": 3.8988404104924824e-24, "5.394796609394436e-06": 1.6392566938564079e-24, "4.536465129862675e-06": 6.892212063910275e-25, "3.814697265625e-06": 2.8978134979894785e-25, "3.2077652559422097e-06": 1.2183788258253543e-25, "2.697398304697218e-06": 5.122646047063887e-26, "2.2682325649313374e-06": 2.1538052669932722e-26, "1.9073486328125e-06": 9.055628280566114e-27, "1.6038826279711048e-06": 3.807420077247172e-27, "1.348699152348609e-06": 1.600822027126089e-27, "1.1341162824656687e-06": 6.73062426753265e-28, "9.5367431640625e-07": 2.8298777594501903e-28, "8.019413139855524e-07": 1.1898166251620757e-28, "6.743495761743044e-07": 5.0025612369856276e-29, "5.670581412328344e-07": 2.1033173973818713e-29, "4.76837158203125e-07": 8.843358501052596e-30, "4.009706569927762e-07": 3.718173595853884e-30, "3.371747880871522e-07": 1.5632991994043526e-30, "2.835290706164172e-07": 6.572862669596345e-31, "2.384185791015625e-07": 2.763548047636866e-31, "2.004853284963881e-07": 1.1619287240515885e-31, "1.685873940435761e-07": 4.8853081432110136e-32, "1.417645353082086e-07": 2.05401892843292e-32, "1.1920928955078125e-07": 8.636085330205722e-33, "1.0024266424819405e-07": 3.631026442891291e-33, "8.429369702178806e-08": 1.5266585049210063e-33, "7.08822676541043e-08": 6.418808126640472e-34, "5.960464477539063e-08": 2.6987763033987438e-34, "5.0121332124097026e-08": 1.134695635314478e-34, "4.214684851089403e-08": 4.770807375014964e-35, "3.544113382705215e-08": 2.0058773794638341e-35, "2.9802322387695312e-08": 8.433675382042097e-36, "2.5060666062048513e-08": 3.545923660218603e-36, "2.1073424255447014e-08": 1.4908772339323042e-36, "1.7720566913526073e-08": 6.268366560650556e-37, "1.4901161193847656e-08": 2.6355234684383157e-37, "1.2530333031024257e-08": 1.1081011125465726e-37, "1.0536712127723507e-08": 4.658991245476151e-38, "8.860283456763037e-09": 1.9588645111136226e-38, "7.450580596923828e-09": 8.23601070066686e-39, "6.265166515512128e-09": 3.462815927845944e-39, "5.2683560638617535e-09": 1.4559347469359376e-39, "4.430141728381518e-09": 6.1214515361524516e-40, "3.725290298461914e-09": 2.5737533223641947e-40, "3.132583257756064e-09": 1.082129969817155e-40, "2.6341780319308768e-09": 4.5497960571820563e-41, "2.215070864190759e-09": 1.912953595504263e-41, "1.862645149230957e-09": 8.042979098647173e-42, "1.566291628878032e-09": 3.3816561437493876e-42, "1.3170890159654384e-09": 1.4218112636517756e-42, "1.1075354320953796e-09": 5.9779799710392945e-43, "9.313225746154785e-10": 2.5134309630552204e-43, "7.83145814439016e-10": 1.0567675430577426e-43, "6.585445079827192e-10": 4.4431601923217724e-44, "5.537677160476898e-10": 1.8681187386198532e-44, "4.656612873077393e-10": 7.85447175131003e-45, "3.91572907219508e-10": 3.302398569143038e-45, "3.292722539913596e-10": 1.3884875590708622e-45, "2.768838580238449e-10": 5.8378710545465315e-46, "2.3283064365386963e-10": 2.4545224209972696e-46, "1.95786453609754e-10": 1.0319995524021357e-46, "1.646361269956798e-10": 4.339023620487551e-47, "1.3844192901192245e-10": 1.8243347039769616e-47, "1.1641532182693481e-10": 7.670382563605352e-48, "9.7893226804877e-11": 3.224998600545637e-48, "8.23180634978399e-11": 1.3559448811509702e-48, "6.922096450596122e-11": 5.701045949039209e-49, "5.820766091346741e-11": 2.3969945508124352e-49}}, "3": {"20": {"0.10511205190671433": 0.010199800606117264, "0.08838834764831843": 0.002847203397793536, "0.07432544468767006": 0.0008047898879775405, "0.0625": 0.00022969174184938161, "0.05255602595335716": 6.60540959395234e-05, "0.044194173824159216": 1.9110326277171278e-05, "0.03716272234383503": 5.555612179953784e-06, "0.03125": 1.6214018763256055e-06, "0.02627801297667858": 4.7471007830400633e-07, "0.022097086912079608": 1.3934611386205494e-07, "0.018581361171917516": 4.0991047403049456e-08, "0.015625": 1.207950080218251e-08, "0.01313900648833929": 3.564861627140756e-09, "0.011048543456039804": 1.053324751061521e-09, "0.009290680585958758": 3.115439316841901e-10, "0.0078125": 9.222329675440894e-11, "0.006569503244169645": 2.731908690501149e-11, "0.005524271728019902": 8.097402583517361e-12, "0.004645340292979379": 2.4012519411979856e-12, "0.00390625": 7.123731742761623e-13, "0.0032847516220848227": 2.1141040096904475e-13, "0.002762135864009951": 6.275813136293811e-14, "0.0023226701464896895": 1.863452680394395e-14, "0.001953125": 5.534196622353976e-15, "0.0016423758110424114": 1.643858884577156e-15, "0.0013810679320049755": 4.883558371307954e-16, "0.0011613350732448448": 1.4509759542186844e-16, "0.0009765625": 4.311493162355689e-17, "0.0008211879055212057": 1.2812441036267582e-17, "0.0006905339660024878": 3.807736403835624e-18, "0.0005806675366224224": 1.1316907605553449e-18, "0.00048828125": 3.363647133992491e-19, "0.00041059395276060284": 9.997959714628755e-20, "0.0003452669830012439": 2.971855660502533e-20, "0.0002903337683112112": 8.83399132595514e-21, "0.000244140625": 2.6260143259802813e-21, "0.00020529697638030142": 7.806319979282645e-22, "0.00017263349150062194": 2.320616026778894e-22, "0.0001451668841556056": 6.898690842415372e-23, "0.0001220703125": 2.050857606255309e-23, "0.00010264848819015071": 6.096897551416608e-24, "8.631674575031097e-05": 1.812533847187548e-24, "7.25834420778028e-05": 5.38848378610505e-25, "6.103515625e-05": 1.6019529224902953e-25, "5.1324244095075355e-05": 4.762502311207643e-26, "4.3158372875155485e-05": 1.4158673545010535e-26,