{"2": {"12": {"0.10881882041201552": 0.007210634588897798, "0.09473228540689989": 0.003464995763455474, "0.08246924442330589": 0.0016754675216008143, "0.0717936471873147": 0.0008143097046252786, "0.0625": 0.0003974513493941166, "0.05440941020600776": 0.00019467650365210843, "0.04736614270344992": 9.563823451239737e-05, "0.04123462221165296": 4.7101787648296725e-05, "0.03589682359365735": 2.3246871876677616e-05, "0.03125": 1.1494107504385692e-05, "0.02720470510300388": 5.69186477047048e-06, "0.02368307135172496": 2.822316898072336e-06, "0.02061731110582648": 1.401030718083209e-06, "0.017948411796828673": 6.96163074245189e-07, "0.015625": 3.4620798485651693e-07, "0.01360235255150194": 1.722962819611596e-07, "0.01184153567586248": 8.579948300463437e-08, "0.01030865555291324": 4.274907300297926e-08, "0.008974205898414337": 2.1309362052487553e-08, "0.0078125": 1.0626468153274745e-08, "0.00680117627575097": 5.301011650540029e-09, "0.00592076783793124": 2.6452075296224344e-09, "0.00515432777645662": 1.320305774372559e-09, "0.004487102949207168": 6.591557318409997e-10, "0.00390625": 3.2914499999958926e-10, "0.0034005881378754866": 1.6438452639820417e-10, "0.00296038391896562": 8.21106100008227e-11, "0.00257716388822831": 4.101982651833099e-11, "0.002243551474603583": 2.0494494221612673e-11, "0.001953125": 1.0240544611106153e-11, "0.0017002940689377433": 5.117358287346749e-12, "0.00148019195948281": 2.5574120353351997e-12, "0.001288581944114155": 1.2781549386668152e-12, "0.0011217757373017914": 6.38837799556881e-13, "0.0009765625": 3.1931464700196706e-13, "0.0008501470344688716": 1.5961197120000185e-13, "0.000740095979741405": 7.978625485134504e-14, "0.0006442909720570775": 3.988454290283243e-14, "0.0005608878686508957": 1.9938536254814984e-14, "0.00048828125": 9.96764283203779e-15, "0.0004250735172344358": 4.983114171022685e-15, "0.0003700479898707025": 2.4912493172692796e-15, "0.00032214548602853873": 1.245490724291543e-15, "0.00028044393432544786": 6.226870750399465e-16, "0.000244140625": 3.113181708287493e-16, "0.0002125367586172179": 1.556480455293295e-16, "0.00018502399493535126": 7.781921798514559e-17, "0.00016107274301426937": 3.890751782179227e-17, "0.00014022196716272393": 1.945284876346969e-17, "0.0001220703125": 9.726028250222977e-18, "0.00010626837930860896": 4.862841711423449e-18, "9.251199746767563e-05": 2.4313458130572262e-18, "8.053637150713468e-05": 1.2156402441205624e-18, "7.011098358136196e-05": 6.078059056051958e-19, "6.103515625e-05": 3.0389676499021353e-19, "5.313418965430448e-05": 1.5194568919151093e-19, "4.6255998733837816e-05": 7.597167230447794e-20, "4.026818575356734e-05": 3.7985325896921e-20, "3.505549179068098e-05": 1.899244085227517e-20, "3.0517578125e-05": 9.496123755182282e-21, "2.656709482715224e-05": 4.7480197998808954e-21, "2.3127999366918908e-05": 2.3739915848439122e-21, "2.013409287678367e-05": 1.1869878204233004e-21, "1.752774589534049e-05": 5.9349044023942065e-22, "1.52587890625e-05": 2.9674370974238713e-22, "1.328354741357612e-05": 1.4837119744727143e-22, "1.1563999683459471e-05": 7.418531256552368e-23, "1.0067046438391823e-05": 3.7092531726069017e-23, "8.763872947670246e-06": 1.854621164691121e-23, "7.62939453125e-06": 9.273082224640825e-24, "6.64177370678806e-06": 4.63653084038648e-24, "5.7819998417297354e-06": 2.3182609490920478e-24, "5.033523219195912e-06": 1.1591285283929004e-24, "4.381936473835123e-06": 5.7956341703316725e-25, "3.814697265625e-06": 2.8978133979807013e-25, "3.32088685339403e-06": 1.4489050940498114e-25, "2.8909999208648677e-06": 7.244518484339646e-26, "2.516761609597956e-06": 3.6222562013761023e-26, "2.1909682369175614e-06": 1.8111267771057322e-26, "1.9073486328125e-06": 9.055628124302021e-27, "1.660443426697015e-06": 4.527811554431469e-27, "1.4454999604324339e-06": 2.26390468566741e-27, "1.258380804798978e-06": 1.1319518677096871e-27, "1.0954841184587807e-06": 5.659757270451092e-28, "9.5367431640625e-07": 2.8298777350338964e-28, "8.302217133485075e-07": 1.4149384756857752e-28, "7.227499802162169e-07": 7.074690672884644e-29, "6.29190402399489e-07": 3.5373445940610313e-29, "5.477420592293904e-07": 1.7686719738903095e-29, "4.76837158203125e-07": 8.843358462902113e-30, "4.1511085667425373e-07": 4.421678619214857e-30, "3.6137499010810846e-07": 2.210839043116147e-30, "3.145952011997445e-07": 1.1054194055609916e-30, "2.738710296146952e-07": 5.527096522898392e-31, "2.384185791015625e-07": 2.763548041675851e-31, "2.0755542833712687e-07": 1.3817739251760213e-31, "1.8068749505405423e-07": 6.90886920948749e-32, "1.5729760059987224e-07": 3.4544344234982874e-32, "1.369355148073476e-07": 1.7272171328574948e-32, "1.1920928955078125e-07": 8.636085320891635e-33, "1.0377771416856343e-07": 4.318042510974097e-33, "9.034374752702712e-08": 2.159021190425706e-33, "7.864880029993612e-08": 1.0795105668932448e-33, "6.84677574036738e-08": 5.397552711198027e-34, "5.960464477539063e-08": 2.6987763019434174e-34, "5.188885708428172e-08": 1.3493881276167539e-34, "4.517187376351356e-08": 6.746940536425432e-35, "3.932440014996806e-08": 3.373470223963312e-35, "3.42338787018369e-08": 1.686735092721002e-35, "2.9802322387695312e-08": 8.43367537976815e-36, "2.594442854214086e-08": 4.2168376533919634e-36, "2.258593688175678e-08": 2.10841881081187e-36, "1.966220007498403e-08": 1.0542093984919603e-36, "1.711693935091845e-08": 5.2710469623650345e-37, "1.4901161193847656e-08": 2.6355234680830113e-37, "1.297221427107043e-08": 1.3177617283396148e-37, "1.129296844087839e-08": 6.588808616879159e-38, "9.831100037492015e-09": 3.2944042976364776e-38, "8.558469675459224e-09": 1.6472021441159332e-38, "7.450580596923828e-09": 8.236010700111698e-39, "6.486107135535215e-09": 4.1180053411466496e-39, "5.646484220439195e-09": 2.0590026666953726e-39, "4.9155500187460076e-09": 1.0295013316596966e-39, "4.279234837729612e-09": 5.147506650951134e-40, "3.725290298461914e-09": 2.5737533222774506e-40, "3.2430535677676073e-09": 1.2868766597466644e-40, "2.8232421102195974e-09": 6.434383292674032e-41, "2.4577750093730038e-09": 3.217191643699516e-41, "2.139617418864806e-09": 1.6085958207017365e-41, "1.862645149230957e-09": 8.042979098511635e-42, "1.6215267838838037e-09": 4.021489547080727e-42, "1.4116210551097987e-09": 2.0107447725936027e-42, "1.2288875046865019e-09": 1.005372385884687e-42, "1.069808709432403e-09": 5.026861927629655e-43, "9.313225746154785e-10": 2.5134309630340426e-43, "8.107633919419018e-10": 1.2567154811771648e-43, "7.058105275548993e-10": 6.283577404406521e-44, "6.144437523432509e-10": 3.1417887015593157e-44, "5.349043547162015e-10": 1.5708943504993814e-44, "4.656612873077393e-10": 7.85447175127694e-45, "4.053816959709509e-10": 3.927235875107449e-45, "3.5290526377744967e-10": 1.9636179373225864e-45, "3.0722187617162547e-10": 9.818089685606719e-46, "2.6745217735810076e-10": 4.9090448423654325e-46, "2.3283064365386963e-10": 2.4545224209920994e-46, "2.0269084798547494e-10": 1.2272612104130635e-46, "1.7645263188872484e-10": 6.136306051704252e-47, "1.5361093808581274e-10": 3.06815302569489e-47, "1.3372608867905071e-10": 1.5340765127790395e-47}}, "3": {"20": {"0.10881882041201552": 0.013189154414114087, "0.09473228540689989": 0.00473530419895389, "0.08246924442330589": 0.0017153289285438, "0.0717936471873147": 0.0006258491417819158, "0.0625": 0.00022969051392125771, "0.05440941020600776": 8.470685390171236e-05, "0.04736614270344992": 3.136472234172691e-05, "0.04123462221165296": 1.1652666425897058e-05, "0.03589682359365735": 4.34148050014347e-06, "0.03125": 1.6213971024548124e-06, "0.02720470510300388": 6.067674322693223e-07, "0.02368307135172496": 2.2746034216954568e-07, "0.02061731110582648": 8.539452340061524e-08, "0.017948411796828673": 3.209989496098629e-08, "0.015625": 1.2079482176415835e-08, "0.01360235255150194": 4.549861047405357e-09, "0.01184153567586248": 1.71512931712416e-09, "0.01030865555291324": 6.469884928417908e-10, "0.008974205898414337": 2.4420588894217483e-10, "0.0078125": 9.2223224018514e-11,