{"2": {"12": {"0.10511205190671433": 0.03864911294849324, "0.08838834764831843": 0.052985624228139905, "0.07432544468767006": 0.08041555606770859, "0.0625": 0.1265959053079204, "0.05255602595335716": 0.2025305628327881, "0.044194173824159216": 0.3271153686813324, "0.03716272234383503": 0.5320123190340688, "0.03125": 0.8700426415413335, "0.02627801297667858": 1.4293329637155638, "0.022097086912079608": 2.3570540906378263, "0.018581361171917516": 3.89923327187343, "0.015625": 6.467537617591164, "0.01313900648833929": 10.751339990383288, "0.011048543456039804": 17.905834815060143, "0.009290680585958758": 29.867905937345434, "0.0078125": 49.886638076772186, "0.006569503244169645": 83.41451922600726, "0.005524271728019902": 139.6048333111974, "0.004645340292979379": 233.8279494128337, "0.00390625": 391.90034981527424, "0.0032847516220848227": 657.1929504539526, "0.002762135864009951": 1102.580126759518, "0.0023226701464896895": 1850.5274444970908, "0.001953125": 3106.8636708795934, "0.0016423758110424114": 5217.56219332954, "0.0013810679320049755": 8764.21282473766, "0.0011613350732448448": 14724.553390383386, "0.0009765625": 24742.405049347726, "0.0008211879055212057": 41581.583167237666, "0.0006905339660024878": 69889.19027347634, "0.0005806675366224224": 117479.187861638, "0.00048828125": 197490.91606220356, "0.00041059395276060284": 332019.01891874574, "0.0003452669830012439": 558217.8623495811, "0.0002903337683112112": 938567.3852586589, "0.000244140625": 1578137.4056662945, "0.00020529697638030142": 2653621.576503962, "0.00017263349150062194": 4462165.027005751, "0.0001451668841556056": 7503480.279004962, "0.0001220703125": 12617946.291660493, "0.00010264848819015071": 21218858.322971974, "8.631674575031097e-05": 35683018.25267418, "7.25834420778028e-05": 60007618.34340102, "6.103515625e-05": 100914971.98259036, "5.1324244095075355e-05": 169710425.43686318, "4.3158372875155485e-05": 285406957.2041695, "3.62917210389014e-05": 479980073.8285725, "3.0517578125e-05": 807205409.3746037, "2.5662122047537677e-05": 1357521670.9145923, "2.1579186437577742e-05": 2283026940.425674, "1.81458605194507e-05": 3839517144.214563, "1.52587890625e-05": 6457185862.874352, "1.2831061023768839e-05": 10859526500.998848, "1.0789593218788871e-05": 18263300730.685783, "9.07293025972535e-06": 30714843458.570168, "7.62939453125e-06": 51655657362.1376, "6.415530511884419e-06": 86873624670.71466, "5.394796609394436e-06": 146102746826.81866, "4.536465129862675e-06": 245713573068.98425, "3.814697265625e-06": 413237940948.92596, "3.2077652559422097e-06": 694978648272.5924, "2.697398304697218e-06": 1168807338844.2898, "2.2682325649313374e-06": 1965687886515.5698, "1.9073486328125e-06": 3305874256229.206, "1.6038826279711048e-06": 5559787790320.186, "1.348699152348609e-06": 9350400168282.092, "1.1341162824656687e-06": 15725420300703.348, "9.5367431640625e-07": 26446876965245.812, "8.019413139855524e-07": 44478136740143.164, "6.743495761743044e-07": 74802967177585.42, "5.670581412328344e-07": 125803031241389.89, "4.76837158203125e-07": 211574547385337.2, "4.009706569927762e-07": 355824431593519.8, "3.371747880871522e-07": 598422800748433.2, "2.835290706164172e-07": 1006422925277067.8, "2.384185791015625e-07": 1692594505739624.0, "2.004853284963881e-07": 2846592803441752.0, "1.685873940435761e-07": 4787378659303337.0, "1.417645353082086e-07": 8051378103606128.0, "1.1920928955078125e-07": 1.3540748552551584e+16, "1.0024266424819405e-07": 2.277273183031658e+16, "8.429369702178806e-08": 3.829901428769993e+16, "7.08822676541043e-08": 6.4411003634418936e+16, "5.960464477539063e-08": 1.083259584469648e+17, "5.0121332124097026e-08": 1.8218181225367926e+17, "4.214684851089403e-08": 3.0639205435471174e+17, "3.544113382705215e-08": 5.152879442976544e+17, "2.9802322387695312e-08": 8.666075476819548e+17, "2.5060666062048513e-08": 1.4574543284740534e+18, "2.1073424255447014e-08": 2.4511361950501827e+18, "1.7720566913526073e-08": 4.122303215270493e+18, "1.4901161193847656e-08": 6.932859901880637e+18, "1.2530333031024257e-08": 1.1659633949570972e+19, "1.0536712127723507e-08": 1.960908860125149e+19, "8.860283456763037e-09": 3.297842436572107e+19, "7.450580596923828e-09": 5.54628772967452e+19, "6.265166515512128e-09": 9.327706888368205e+19, "5.2683560638617535e-09": 1.568727049734122e+20, "4.430141728381518e-09": 2.638273894999972e+20, "3.725290298461914e-09": 4.4370301070076235e+20, "3.132583257756064e-09": 7.46216540217914e+20, "2.6341780319308768e-09": 1.254981624440899e+21, "2.215070864190759e-09": 2.1106190942968928e+21, "1.862645149230957e-09": 3.5496240549133015e+21, "1.566291628878032e-09": 5.969732278337142e+21, "1.3170890159654384e-09": 1.0039852934141598e+22, "1.1075354320953796e-09": 1.6884952667562806e+22, "9.313225746154785e-10": 2.839699231653523e+22, "7.83145814439016e-10": 4.775785805307245e+22, "6.585445079827192e-10": 8.031882322759041e+22, "5.537677160476898e-10": 1.3507962099325308e+23, "4.656612873077393e-10": 2.271759380411971e+23, "3.91572907219508e-10": 3.82062863730081e+23, "3.292722539913596e-10": 6.425505848385538e+23, "2.768838580238449e-10": 1.0806369665570274e+24, "2.3283064365386963e-10": 1.8174075023652377e+24, "1.95786453609754e-10": 3.056502907062653e+24, "1.646361269956798e-10": 5.140404674779753e+24, "1.3844192901192245e-10": 8.645095726900228e+24, "1.1641532182693481e-10": 1.4539260011064544e+25, "9.7893226804877e-11": 2.4452023245389245e+25, "8.23180634978399e-11": 4.112323738252331e+25, "6.922096450596122e-11": 6.916076579297786e+25, "5.820766091346741e-11": 1.1631408005708695e+26}}, "3": {"20": {"0.10511205190671433": 6.228312735583958, "0.08838834764831843": 18.334384183190963, "0.07432544468767006": 55.234782558006785, "0.0625": 169.46020136835352, "0.05255602595335716": 527.7852229031255, "0.044194173824159216": 1664.5069550387561, "0.03716272234383503": 5304.577609907159, "0.03125": 17053.183598548658, "0.02627801297667858": 55224.11718207695, "0.022097086912079608": 179930.18529357982, "0.018581361171917516": 589251.1228342789, "0.015625": 1938020.3268847717, "0.01313900648833929": 6397012.274905118, "0.011048543456039804": 21179004.100454565, "0.009290680585958758": 70296361.33568764, "0.0078125": 233820575.3883529, "0.006569503244169645": 779125282.6789651, "0.005524271728019902": 2600055011.204812, "0.004645340292979379": 8687691189.931313, "0.00390625": 29059321014.82253, "0.0032847516220848227": 97286473038.28268, "0.002762135864009951": 325944587047.73065, "0.0023226701464896895": 1092716922883.6528, "0.001953125": 3665225354305.794, "0.0016423758110424114": 12299466991261.133, "0.0013810679320049755": 41288946878232.91, "0.0011613350732448448": 138649220468007.84, "0.0009765625": 465709921733451.1, "0.0008211879055212057": 1564623169955315.0, "0.0006905339660024878": 5257568182022493.0, "0.0005806675366224224": 1.7669655441453908e+16, "0.00048828125": 5.9392065963298776e+16, "0.00041059395276060284": 1.9965347158865357e+17, "0.0003452669830012439": 6.71221298496858e+17, "0.0002903337683112112": 2.2567766801572892e+18, "0.000244140625": 7.588221975130442e+18, "0.00020529697638030142": 2.5516170950936224e+19, "0.00017263349150062194": 8.58047223063322e+19, "0.0001451668841556056": 2.8855185561849056e+20, "0.0001220703125": 9.704001233478479e+20, "0.00010264848819015071": 3.263546694274807e+21, "8.631674575031097e-05": 1.097586920227297e+22, "7.25834420778028e-05": 3.6914459302657866e+22, "6.103515625e-05": 1.241541510839631e+23, "5.1324244095075355e-05": 4.175725923203681e+23, "4.3158372875155485e-05": 1.404454838197376e+24, "3.62917210389014e-05": 4.723759947289223e+24, "3.0517578125e-05": 1.5888080535136514e+25, "2.5662122047537677e-05": 5.343896638679118e+25, "2.1579186437577742e-05": 1.7974101599347883e+26, "1.81458605194507e-05": 6.0455867726269856e+26, "1.52587890625e-05": 2.033440699852908e+27, "1.2831061023768839e-05": 6.839526971734656e+27, "1.0789593218788871e-05": 2.3004981278250826e+28, "9.07293025972535e-06": 7.737822512183914e+28,