{"2": {"2": [[0.5, 0.16666666666666666], [0.5, 0.16666666666666666]], "3": [[0, 0.08333333333333333], [1, 0], [0, 0.08333333333333333]]}, "3": {"5": [[0.2, 0.0873439595088893, 0.03734395950888931], [0.3481549255879739, 0.05343827254768415, 0.0058426915783703105], [0.0963098511759477, 0, 0.0030399688411859166], [0.3481549255879739, 0.05343827254768415, 0.0058426915783703105], [0.2, 0.0873439595088893, 0.03734395950888931]], "6": [[0.208, 0.09023186422416794, 0.038231864224167945], [0.312, 0.044673856616514795, 0.00439421553992544], [0.20176813577583208, 0.014079606594985245, 0.0009594130974267187], [0.20176813577583208, 0.014079606594985245, 0.0009594130974267187], [0.312, 0.044673856616514795, 0.00439421553992544], [0.208, 0.09023186422416794, 0.038231864224167945]]}, "4": {"11": [[0.51036828318256, -0.049257320617600624, 0.052045519554912885, -0.008235301472332607], [0.832696864294227, -0.08778337594084559, 0.11294605515458124, -0.015397281320360928], [1.4440574027930078, -0.01658899511182548, 0.20468613662799137, 0.006420111590874827], [1.3781888847742025, -0.01639611447846523, 0.1951802178868061, 0.0060137106780459955], [0.41695994064932906, -0.11456129447421326, 0.058048542618867036, -0.023114006982189638], [0.6478720917666148, -0.15838338148151726, 0.08869054843332831, -0.0347032497849505], [0.41695994064932906, -0.11456129447421326, 0.058048542618867036, -0.023114006982189638], [1.3781888847742025, -0.01639611447846523, 0.1951802178868061, 0.0060137106780459955], [1.4440574027930078, -0.01658899511182548, 0.20468613662799137, 0.006420111590874827], [0.832696864294227, -0.08778337594084559, 0.11294605515458124, -0.015397281320360928], [0.51036828318256, -0.049257320617600624, 0.052045519554912885, -0.008235301472332607]]}}