{"2": {"2": [[0.5, 2.0], [0.5, 2.0]], "3": [[0.0, 1.0], [1.0, 0.0], [0.0, 1.0]]}, "3": {"5": [[-0.11015939263333957, 1.0481275141066717, 3.7219127116000754], [0.6957082088973866, 0.6412592705722098, -4.170639399712953], [0.17109763252809357, 0.0, -0.8974533762257506], [0.6957082088973866, 0.6412592705722098, -4.170639399712953], [-0.11015939263333957, 1.0481275141066717, 3.7219127116000754]], "6": [[-0.10547796336251924, 1.0827823706900153, 3.7617355603502305], [0.6360867669011183, 0.5360862793981775, -3.8890412028134205], [0.4395871090342214, 0.16895527913982294, -2.853827679100672], [0.4395871090342214, 0.16895527913982294, -2.853827679100672], [0.6360867669011183, 0.5360862793981775, -3.8890412028134205], [-0.10547796336251924, 1.0827823706900153, 3.7617355603502305]]}, "4": {"11": [[0.3676458438370669, -0.23547242794035214, 1.712669272145918, -2.370769463139036], [0.1793771173432927, -0.11689504101182809, 7.839836963411213, -6.243369801855459], [0.17883710686439702, -3.9406215015543404, 15.182643551143329, 24.94369040141623], [0.17322172243986472, -3.755467070664218, 14.459605948012054, 23.72475797948423], [0.06743172717798471, 1.1157858469536568, 4.1943385616561315, -16.60347587096144], [0.1273539799749588, 2.6966112985654234, 6.2462173414998725, -30.648079175624197], [0.06743172717798471, 1.1157858469536568, 4.1943385616561315, -16.60347587096144], [0.17322172243986472, -3.755467070664218, 14.459605948012054, 23.72475797948423], [0.17883710686439702, -3.9406215015543404, 15.182643551143329, 24.94369040141623], [0.1793771173432927, -0.11689504101182809, 7.839836963411213, -6.243369801855459], [0.3676458438370669, -0.23547242794035214, 1.712669272145918, -2.370769463139036]]}}